Image,Confidence,TP,FP,FN,TP_acc,FP_acc,FN_acc,Precision,Recall,F1
Image 63,0.9999295473098755,1,0,2,1,0,2,1.0,0.0024154589371980675,0.0048192771084337345
Image 93,0.9999294281005859,1,0,2,2,0,4,1.0,0.004830917874396135,0.009615384615384614
Image 68,0.9998959302902222,1,0,5,3,0,9,1.0,0.007246376811594203,0.014388489208633093
Image 77,0.999832034111023,1,0,2,4,0,11,1.0,0.00966183574879227,0.019138755980861243
Image 63,0.9997861981391907,1,0,0,5,0,11,1.0,0.012077294685990338,0.02386634844868735
Image 107,0.9997491240501404,1,0,2,6,0,13,1.0,0.014492753623188406,0.02857142857142857
Image 118,0.999739944934845,1,0,0,7,0,13,1.0,0.016908212560386472,0.03325415676959619
Image 40,0.9997279047966003,1,0,0,8,0,13,1.0,0.01932367149758454,0.03791469194312796
Image 109,0.9997057318687439,1,0,2,9,0,15,1.0,0.021739130434782608,0.042553191489361694
Image 4,0.9996755123138428,1,0,0,10,0,15,1.0,0.024154589371980676,0.04716981132075471
Image 120,0.999660849571228,1,0,0,11,0,15,1.0,0.026570048309178744,0.05176470588235295
Image 26,0.9996515512466431,1,0,2,12,0,17,1.0,0.028985507246376812,0.05633802816901409
Image 125,0.9996393918991089,1,0,0,13,0,17,1.0,0.03140096618357488,0.060889929742388764
Image 18,0.9996381998062134,1,0,1,14,0,18,1.0,0.033816425120772944,0.06542056074766354
Image 31,0.9995895028114319,1,0,0,15,0,18,1.0,0.036231884057971016,0.06993006993006994
Image 103,0.99953293800354,1,0,1,16,0,19,1.0,0.03864734299516908,0.07441860465116279
Image 66,0.9995276927947998,1,0,1,17,0,20,1.0,0.04106280193236715,0.0788863109048724
Image 36,0.9995194673538208,1,0,3,18,0,23,1.0,0.043478260869565216,0.08333333333333333
Image 112,0.999500036239624,1,0,1,19,0,24,1.0,0.04589371980676329,0.08775981524249424
Image 84,0.9994865655899048,1,0,2,20,0,26,1.0,0.04830917874396135,0.09216589861751152
Image 32,0.9994649291038513,1,0,1,21,0,27,1.0,0.050724637681159424,0.09655172413793105
Image 56,0.9994489550590515,1,0,4,22,0,31,1.0,0.05314009661835749,0.10091743119266056
Image 27,0.9994454979896545,1,0,2,23,0,33,1.0,0.05555555555555555,0.10526315789473684
Image 108,0.9994164705276489,1,0,3,24,0,36,1.0,0.057971014492753624,0.1095890410958904
Image 32,0.999415397644043,1,0,0,25,0,36,1.0,0.06038647342995169,0.11389521640091116
Image 8,0.9994057416915894,1,0,0,26,0,36,1.0,0.06280193236714976,0.11818181818181818
Image 94,0.999398946762085,1,0,0,27,0,36,1.0,0.06521739130434782,0.12244897959183672
Image 12,0.9993877410888672,1,0,0,28,0,36,1.0,0.06763285024154589,0.12669683257918551
Image 41,0.9993690848350525,1,0,0,29,0,36,1.0,0.07004830917874397,0.1309255079006772
Image 0,0.9993601441383362,1,0,0,30,0,36,1.0,0.07246376811594203,0.13513513513513511
Image 18,0.9993454813957214,1,0,0,31,0,36,1.0,0.0748792270531401,0.13932584269662923
Image 44,0.9993044137954712,1,0,1,32,0,37,1.0,0.07729468599033816,0.14349775784753363
Image 101,0.9992819428443909,1,0,3,33,0,40,1.0,0.07971014492753623,0.1476510067114094
Image 58,0.9992751479148865,1,0,0,34,0,40,1.0,0.0821256038647343,0.1517857142857143
Image 61,0.9992749094963074,1,0,3,35,0,43,1.0,0.08454106280193237,0.155902004454343
Image 102,0.9992663264274597,1,0,1,36,0,44,1.0,0.08695652173913043,0.16
Image 2,0.9992581009864807,1,0,0,37,0,44,1.0,0.0893719806763285,0.16407982261640797
Image 33,0.9992542862892151,1,0,1,38,0,45,1.0,0.09178743961352658,0.168141592920354
Image 64,0.999215841293335,1,0,1,39,0,46,1.0,0.09420289855072464,0.17218543046357618
Image 88,0.9992068409919739,1,0,3,40,0,49,1.0,0.0966183574879227,0.1762114537444934
Image 114,0.9991846680641174,1,0,0,41,0,49,1.0,0.09903381642512077,0.18021978021978022
Image 12,0.9991611242294312,1,0,0,42,0,49,1.0,0.10144927536231885,0.1842105263157895
Image 19,0.9991114735603333,1,0,0,43,0,49,1.0,0.10386473429951691,0.18818380743982493
Image 5,0.9990863800048828,1,0,0,44,0,49,1.0,0.10628019323671498,0.19213973799126638
Image 74,0.9990457892417908,1,0,0,45,0,49,1.0,0.10869565217391304,0.19607843137254902
Image 114,0.9990299940109253,1,0,0,46,0,49,1.0,0.1111111111111111,0.19999999999999998
Image 95,0.9990264177322388,1,0,0,47,0,49,1.0,0.11352657004830918,0.2039045553145336
Image 25,0.9990002512931824,1,0,4,48,0,53,1.0,0.11594202898550725,0.20779220779220778
Image 37,0.9990002512931824,1,0,1,49,0,54,1.0,0.11835748792270531,0.2116630669546436
Image 92,0.9989683628082275,1,0,4,50,0,58,1.0,0.12077294685990338,0.21551724137931033
Image 125,0.9989645481109619,1,0,0,51,0,58,1.0,0.12318840579710146,0.2193548387096774
Image 82,0.9989467263221741,1,0,2,52,0,60,1.0,0.12560386473429952,0.22317596566523604
Image 70,0.9989213943481445,1,0,0,53,0,60,1.0,0.1280193236714976,0.22698072805139186
Image 46,0.9989097118377686,1,0,0,54,0,60,1.0,0.13043478260869565,0.23076923076923078
Image 76,0.9988886713981628,1,0,3,55,0,63,1.0,0.13285024154589373,0.23454157782515994
Image 45,0.9988507032394409,1,0,1,56,0,64,1.0,0.13526570048309178,0.23829787234042552
Image 73,0.9988073110580444,1,0,0,57,0,64,1.0,0.13768115942028986,0.24203821656050956
Image 35,0.9987963438034058,1,0,0,58,0,64,1.0,0.14009661835748793,0.24576271186440682
Image 23,0.9987391829490662,1,0,5,59,0,69,1.0,0.14251207729468598,0.24947145877378435
Image 99,0.9987389445304871,1,0,0,60,0,69,1.0,0.14492753623188406,0.25316455696202533
Image 85,0.9987266659736633,1,0,0,61,0,69,1.0,0.1473429951690821,0.25684210526315787
Image 78,0.9987118244171143,1,0,0,62,0,69,1.0,0.1497584541062802,0.2605042016806723
Image 43,0.998701810836792,1,0,0,63,0,69,1.0,0.15217391304347827,0.2641509433962264
Image 59,0.9985930323600769,1,0,1,64,0,70,1.0,0.15458937198067632,0.26778242677824265
Image 30,0.9985613226890564,1,0,1,65,0,71,1.0,0.1570048309178744,0.27139874739039666
Image 42,0.9985479712486267,1,0,2,66,0,73,1.0,0.15942028985507245,0.27499999999999997
Image 96,0.9985248446464539,1,0,0,67,0,73,1.0,0.16183574879227053,0.27858627858627855
Image 98,0.9985228180885315,1,0,0,68,0,73,1.0,0.1642512077294686,0.2821576763485477
Image 16,0.9984922409057617,1,0,2,69,0,75,1.0,0.16666666666666666,0.2857142857142857
Image 35,0.9984773993492126,1,0,0,70,0,75,1.0,0.16908212560386474,0.2892561983471074
Image 113,0.9984704852104187,1,0,2,71,0,77,1.0,0.17149758454106281,0.2927835051546392
Image 103,0.9983838796615601,1,0,0,72,0,77,1.0,0.17391304347826086,0.29629629629629634
Image 13,0.9983628392219543,1,0,0,73,0,77,1.0,0.17632850241545894,0.29979466119096515
Image 122,0.9983566403388977,1,0,1,74,0,78,1.0,0.178743961352657,0.30327868852459017
Image 90,0.9983518123626709,1,0,1,75,0,79,1.0,0.18115942028985507,0.3067484662576687
Image 39,0.9982689619064331,1,0,1,76,0,80,1.0,0.18357487922705315,0.3102040816326531
Image 11,0.9982556700706482,1,0,1,77,0,81,1.0,0.1859903381642512,0.3136456211812627
Image 46,0.9981600642204285,1,0,0,78,0,81,1.0,0.18840579710144928,0.3170731707317073
Image 57,0.998157799243927,1,0,1,79,0,82,1.0,0.19082125603864733,0.32048681541582147
Image 97,0.9980923533439636,1,0,1,80,0,83,1.0,0.1932367149758454,0.32388663967611336
Image 49,0.998076319694519,1,0,0,81,0,83,1.0,0.1956521739130435,0.32727272727272727
Image 89,0.9980581402778625,1,0,1,82,0,84,1.0,0.19806763285024154,0.33064516129032256
Image 123,0.9980441331863403,1,0,2,83,0,86,1.0,0.20048309178743962,0.33400402414486924
Image 51,0.9979481101036072,1,0,1,84,0,87,1.0,0.2028985507246377,0.3373493975903615
Image 67,0.9979225993156433,1,0,0,85,0,87,1.0,0.20531400966183574,0.3406813627254509
Image 106,0.9977304339408875,1,0,1,86,0,88,1.0,0.20772946859903382,0.34400000000000003
Image 81,0.9977053999900818,1,0,1,87,0,89,1.0,0.21014492753623187,0.34730538922155685
Image 22,0.9976339340209961,1,0,1,88,0,90,1.0,0.21256038647342995,0.35059760956175295
Image 122,0.9975072741508484,1,0,0,89,0,90,1.0,0.21497584541062803,0.3538767395626243
Image 2,0.9974714517593384,1,0,0,90,0,90,1.0,0.21739130434782608,0.3571428571428571
Image 92,0.9974155426025391,1,0,0,91,0,90,1.0,0.21980676328502416,0.3603960396039604
Image 51,0.9973528385162354,1,0,0,92,0,90,1.0,0.2222222222222222,0.3636363636363636
Image 49,0.99727863073349,1,0,0,93,0,90,1.0,0.2246376811594203,0.3668639053254438
Image 112,0.9972752928733826,1,0,0,94,0,90,1.0,0.22705314009661837,0.37007874015748027
Image 56,0.997191846370697,1,0,0,95,0,90,1.0,0.22946859903381642,0.37328094302554027
Image 1,0.9970268607139587,1,0,0,96,0,90,1.0,0.2318840579710145,0.37647058823529417
Image 126,0.997021496295929,1,0,1,97,0,91,1.0,0.23429951690821257,0.37964774951076324
Image 24,0.9970212578773499,1,0,0,98,0,91,1.0,0.23671497584541062,0.3828125
Image 119,0.9969955682754517,1,0,0,99,0,91,1.0,0.2391304347826087,0.3859649122807018
Image 44,0.9969176054000854,1,0,0,100,0,91,1.0,0.24154589371980675,0.38910505836575876
Image 68,0.9968923926353455,1,0,0,101,0,91,1.0,0.24396135265700483,0.39223300970873787
Image 54,0.996885359287262,1,0,0,102,0,91,1.0,0.2463768115942029,0.39534883720930236
Image 62,0.9968451261520386,1,0,2,103,0,93,1.0,0.24879227053140096,0.3984526112185687
Image 116,0.9968268275260925,1,0,0,104,0,93,1.0,0.25120772946859904,0.4015444015444016
Image 75,0.9968026876449585,1,0,1,105,0,94,1.0,0.2536231884057971,0.4046242774566474
Image 123,0.9967785477638245,1,0,0,106,0,94,1.0,0.2560386473429952,0.40769230769230774
Image 66,0.9966784715652466,1,0,0,107,0,94,1.0,0.2584541062801932,0.41074856046065256
Image 86,0.9965973496437073,1,0,1,108,0,95,1.0,0.2608695652173913,0.41379310344827586
Image 95,0.9965747594833374,1,0,0,109,0,95,1.0,0.2632850241545894,0.41682600382409174
Image 28,0.9965465664863586,1,0,0,110,0,95,1.0,0.26570048309178745,0.4198473282442748
Image 50,0.9964959025382996,1,0,0,111,0,95,1.0,0.26811594202898553,0.4228571428571429
Image 26,0.9964812994003296,1,0,0,112,0,95,1.0,0.27053140096618356,0.4258555133079848
Image 121,0.9964097142219543,1,0,1,113,0,96,1.0,0.27294685990338163,0.42884250474383306
Image 90,0.9963722229003906,1,0,0,114,0,96,1.0,0.2753623188405797,0.4318181818181819
Image 108,0.9963286519050598,1,0,0,115,0,96,1.0,0.2777777777777778,0.4347826086956522
Image 85,0.9963106513023376,1,0,0,116,0,96,1.0,0.28019323671497587,0.43773584905660384
Image 80,0.9962154030799866,1,0,2,117,0,98,1.0,0.2826086956521739,0.4406779661016949
Image 81,0.9961836934089661,1,0,0,118,0,98,1.0,0.28502415458937197,0.443609022556391
Image 34,0.9961189031600952,1,0,1,119,0,99,1.0,0.28743961352657005,0.4465290806754222
Image 83,0.9958983063697815,1,0,0,120,0,99,1.0,0.2898550724637681,0.44943820224719105
Image 9,0.9958199262619019,1,0,2,121,0,101,1.0,0.2922705314009662,0.4523364485981309
Image 15,0.9958071708679199,1,0,1,122,0,102,1.0,0.2946859903381642,0.4552238805970149
Image 100,0.9957636594772339,1,0,0,123,0,102,1.0,0.2971014492753623,0.45810055865921784
Image 79,0.9957463145256042,1,0,1,124,0,103,1.0,0.2995169082125604,0.46096654275092935
Image 29,0.9956531524658203,1,0,2,125,0,105,1.0,0.30193236714975846,0.463821892393321
Image 14,0.9955714344978333,1,0,5,126,0,110,1.0,0.30434782608695654,0.4666666666666667
Image 20,0.995502769947052,1,0,0,127,0,110,1.0,0.30676328502415456,0.4695009242144177
Image 104,0.9953879714012146,1,0,2,128,0,112,1.0,0.30917874396135264,0.47232472324723246
Image 57,0.9953461289405823,1,0,0,129,0,112,1.0,0.3115942028985507,0.4751381215469613
Image 41,0.9952847361564636,1,0,0,130,0,112,1.0,0.3140096618357488,0.4779411764705882
Image 106,0.9950553178787231,1,0,0,131,0,112,1.0,0.3164251207729469,0.48073394495412847
Image 127,0.9950258135795593,1,0,0,132,0,112,1.0,0.3188405797101449,0.48351648351648346
Image 111,0.9948127269744873,1,0,2,133,0,114,1.0,0.321256038647343,0.4862888482632541
Image 64,0.9947117567062378,1,0,0,134,0,114,1.0,0.32367149758454106,0.4890510948905109
Image 71,0.9945039749145508,1,0,2,135,0,116,1.0,0.32608695652173914,0.4918032786885246
Image 7,0.9940576553344727,1,0,0,136,0,116,1.0,0.3285024154589372,0.4945454545454545
Image 110,0.9940405488014221,1,0,0,137,0,116,1.0,0.3309178743961353,0.49727767695099817
Image 80,0.9937689900398254,1,0,0,138,0,116,1.0,0.3333333333333333,0.5
Image 75,0.9937111139297485,1,0,0,139,0,116,1.0,0.3357487922705314,0.5027124773960218
Image 87,0.9936489462852478,1,0,0,140,0,116,1.0,0.33816425120772947,0.5054151624548737
Image 43,0.9933406710624695,1,0,0,141,0,116,1.0,0.34057971014492755,0.5081081081081081
Image 8,0.9933128952980042,1,0,0,142,0,116,1.0,0.34299516908212563,0.5107913669064749
Image 127,0.992723286151886,1,0,0,143,0,116,1.0,0.34541062801932365,0.5134649910233393
Image 47,0.9925954937934875,1,0,0,144,0,116,1.0,0.34782608695652173,0.5161290322580645
Image 86,0.9924023151397705,1,0,0,145,0,116,1.0,0.3502415458937198,0.518783542039356
Image 3,0.9923225045204163,1,0,2,146,0,118,1.0,0.3526570048309179,0.5214285714285715
Image 124,0.9922755360603333,1,0,1,147,0,119,1.0,0.35507246376811596,0.5240641711229946
Image 10,0.9922353625297546,1,0,2,148,0,121,1.0,0.357487922705314,0.5266903914590747
Image 1,0.9922142624855042,1,0,0,149,0,121,1.0,0.35990338164251207,0.5293072824156305
Image 105,0.9921526312828064,1,0,3,150,0,124,1.0,0.36231884057971014,0.5319148936170213
Image 65,0.9916046857833862,1,0,1,151,0,125,1.0,0.3647342995169082,0.5345132743362832
Image 6,0.9913278222084045,0,1,2,151,1,127,0.993421052631579,0.3647342995169082,0.5335689045936396
Image 96,0.9905175566673279,1,0,0,152,1,127,0.9934640522875817,0.3671497584541063,0.5361552028218695
Image 34,0.9901970624923706,1,0,0,153,1,127,0.9935064935064936,0.3695652173913043,0.5387323943661971
Image 9,0.9898185133934021,1,0,0,154,1,127,0.9935483870967742,0.3719806763285024,0.5413005272407733
Image 19,0.9895031452178955,1,0,0,155,1,127,0.9935897435897436,0.3743961352657005,0.543859649122807
Image 21,0.9890924692153931,1,0,0,156,1,127,0.9936305732484076,0.37681159420289856,0.5464098073555166
Image 115,0.9890727400779724,1,0,1,157,1,128,0.9936708860759493,0.37922705314009664,0.548951048951049
Image 121,0.988935649394989,1,0,0,158,1,128,0.9937106918238994,0.38164251207729466,0.5514834205933683
Image 83,0.9884174466133118,1,0,0,159,1,128,0.99375,0.38405797101449274,0.554006968641115
Image 59,0.9883231520652771,1,0,0,160,1,128,0.9937888198757764,0.3864734299516908,0.5565217391304348
Image 94,0.9882821440696716,1,0,0,161,1,128,0.9938271604938271,0.3888888888888889,0.5590277777777778
Image 60,0.9877318143844604,1,0,0,162,1,128,0.9938650306748467,0.391304347826087,0.561525129982669
Image 11,0.9876589179039001,1,0,0,163,1,128,0.9939024390243902,0.39371980676328505,0.5640138408304498
Image 42,0.9875221848487854,1,0,0,164,1,128,0.9939393939393939,0.3961352657004831,0.5664939550949913
Image 32,0.9872129559516907,1,0,0,165,1,128,0.9939759036144579,0.39855072463768115,0.5689655172413793
Image 91,0.986523449420929,1,0,0,166,1,128,0.9940119760479041,0.40096618357487923,0.5714285714285714
Image 53,0.986289918422699,1,0,0,167,1,128,0.9940476190476191,0.4033816425120773,0.5738831615120275
Image 69,0.9852929711341858,1,0,8,168,1,136,0.9940828402366864,0.4057971014492754,0.5763293310463121
Image 62,0.9843968749046326,1,0,0,169,1,136,0.9941176470588236,0.4082125603864734,0.5787671232876712
Image 66,0.9839387536048889,1,0,0,170,1,136,0.9941520467836257,0.4106280193236715,0.5811965811965811
Image 50,0.9836996793746948,1,0,0,171,1,136,0.9941860465116279,0.41304347826086957,0.583617747440273
Image 17,0.9834563136100769,1,0,1,172,1,137,0.9942196531791907,0.41545893719806765,0.58603066439523
Image 72,0.9834201335906982,1,0,0,173,1,137,0.9942528735632183,0.4178743961352657,0.5884353741496599
Image 86,0.982982873916626,1,0,0,174,1,137,0.9942857142857143,0.42028985507246375,0.5908319185059422
Image 28,0.9820625185966492,1,0,0,175,1,137,0.9943181818181818,0.4227053140096618,0.5932203389830508
Image 115,0.9816908240318298,1,0,0,176,1,137,0.9943502824858758,0.4251207729468599,0.5956006768189509
Image 69,0.9803674221038818,1,0,0,177,1,137,0.9943820224719101,0.427536231884058,0.5979729729729729
Image 117,0.9798271656036377,1,0,1,178,1,138,0.994413407821229,0.42995169082125606,0.6003372681281619
Image 76,0.9795845746994019,1,0,0,179,1,138,0.9944444444444445,0.4323671497584541,0.6026936026936027
Image 103,0.9791752696037292,1,0,0,180,1,138,0.994475138121547,0.43478260869565216,0.6050420168067226
Image 78,0.9779958724975586,1,0,0,181,1,138,0.9945054945054945,0.43719806763285024,0.6073825503355705
Image 65,0.9769412875175476,1,0,0,182,1,138,0.994535519125683,0.4396135265700483,0.609715242881072
Image 119,0.9753156304359436,1,0,0,183,1,138,0.9945652173913043,0.4420289855072464,0.6120401337792641
Image 26,0.9748479127883911,1,0,0,184,1,138,0.9945945945945946,0.4444444444444444,0.6143572621035058
Image 19,0.9742950201034546,1,0,0,185,1,138,0.9946236559139785,0.4468599033816425,0.6166666666666667
Image 116,0.9734588265419006,1,0,0,186,1,138,0.9946524064171123,0.4492753623188406,0.6189683860232945
Image 93,0.9728826880455017,1,0,0,187,1,138,0.9946808510638298,0.45169082125603865,0.6212624584717609
Image 24,0.9714672565460205,1,0,0,188,1,138,0.9947089947089947,0.45410628019323673,0.6235489220563848
Image 22,0.9693177938461304,1,0,0,189,1,138,0.9947368421052631,0.45652173913043476,0.6258278145695364
Image 68,0.967029333114624,1,0,0,190,1,138,0.9947643979057592,0.45893719806763283,0.628099173553719
Image 110,0.9662200212478638,1,0,0,191,1,138,0.9947916666666666,0.4613526570048309,0.6303630363036303
Image 119,0.965825080871582,1,0,0,192,1,138,0.9948186528497409,0.463768115942029,0.6326194398682042
Image 127,0.9641686081886292,1,0,0,193,1,138,0.9948453608247423,0.46618357487922707,0.6348684210526315
Image 22,0.963773250579834,1,0,0,194,1,138,0.9948717948717949,0.46859903381642515,0.6371100164203612
Image 91,0.9606137871742249,1,0,0,195,1,138,0.9948979591836735,0.47101449275362317,0.6393442622950819
Image 28,0.9594276547431946,1,0,0,196,1,138,0.9949238578680203,0.47342995169082125,0.6415711947626841
Image 48,0.9582669138908386,1,0,1,197,1,139,0.9949494949494949,0.4758454106280193,0.6437908496732025
Image 126,0.9562069177627563,1,0,0,198,1,139,0.9949748743718593,0.4782608695652174,0.6460032626427407
Image 10,0.9529871940612793,1,0,0,199,1,139,0.995,0.4806763285024155,0.6482084690553747
Image 23,0.9525805115699768,1,0,0,200,1,139,0.9950248756218906,0.4830917874396135,0.6504065040650406
Image 6,0.9520867466926575,1,0,0,201,1,139,0.995049504950495,0.4855072463768116,0.6525974025974026
Image 7,0.9478287696838379,1,0,0,202,1,139,0.9950738916256158,0.48792270531400966,0.6547811993517018
Image 52,0.9475817680358887,1,0,2,203,1,141,0.9950980392156863,0.49033816425120774,0.656957928802589
Image 31,0.9446738958358765,1,0,0,204,1,141,0.9951219512195122,0.4927536231884058,0.6591276252019387
Image 60,0.9432176351547241,1,0,0,205,1,141,0.9951456310679612,0.49516908212560384,0.6612903225806451
Image 37,0.9412224888801575,1,0,0,206,1,141,0.9951690821256038,0.4975845410628019,0.6634460547504025
Image 43,0.9394993185997009,1,0,0,207,1,141,0.9951923076923077,0.5,0.6655948553054662
Image 111,0.9374656081199646,0,1,0,207,2,141,0.9904306220095693,0.5,0.6645264847512038
Image 27,0.937171995639801,1,0,0,208,2,141,0.9904761904761905,0.5024154589371981,0.6666666666666666
Image 121,0.9360707402229309,1,0,0,209,2,141,0.990521327014218,0.5048309178743962,0.6688
Image 51,0.9313070774078369,1,0,0,210,2,141,0.9905660377358491,0.5072463768115942,0.6709265175718852
Image 80,0.9282257556915283,1,0,0,211,2,141,0.9906103286384976,0.5096618357487923,0.6730462519936204
Image 126,0.9276942014694214,1,0,0,212,2,141,0.9906542056074766,0.5120772946859904,0.6751592356687899
Image 90,0.9272503852844238,1,0,0,213,2,141,0.9906976744186047,0.5144927536231884,0.6772655007949125
Image 29,0.9067444801330566,1,0,0,214,2,141,0.9907407407407407,0.5169082125603864,0.6793650793650794
Image 62,0.9049744606018066,1,0,0,215,2,141,0.9907834101382489,0.5193236714975845,0.6814580031695722
Image 107,0.9036312699317932,1,0,0,216,2,141,0.9908256880733946,0.5217391304347826,0.6835443037974684
Image 73,0.9016786813735962,1,0,0,217,2,141,0.9908675799086758,0.5241545893719807,0.6856240126382306
Image 75,0.8998224139213562,1,0,0,218,2,141,0.990909090909091,0.5265700483091788,0.6876971608832808
Image 2,0.899435818195343,1,0,0,219,2,141,0.9909502262443439,0.5289855072463768,0.6897637795275591
Image 91,0.8962781429290771,1,0,0,220,2,141,0.990990990990991,0.5314009661835749,0.6918238993710691
Image 35,0.8962340950965881,1,0,0,221,2,141,0.9910313901345291,0.533816425120773,0.693877551020408
Image 24,0.8911290168762207,1,0,0,222,2,141,0.9910714285714286,0.5362318840579711,0.6959247648902822
Image 3,0.8903772234916687,1,0,0,223,2,141,0.9911111111111112,0.538647342995169,0.6979655712050078
Image 110,0.8895984888076782,1,0,0,224,2,141,0.9911504424778761,0.5410628019323671,0.7
Image 53,0.8893409371376038,1,0,0,225,2,141,0.9911894273127754,0.5434782608695652,0.7020280811232448
Image 49,0.8882665634155273,1,0,0,226,2,141,0.9912280701754386,0.5458937198067633,0.7040498442367601
Image 55,0.8877896666526794,1,0,0,227,2,141,0.9912663755458515,0.5483091787439613,0.7060653188180405
Image 12,0.8852788209915161,1,0,0,228,2,141,0.991304347826087,0.5507246376811594,0.7080745341614907
Image 73,0.8790993690490723,1,0,0,229,2,141,0.9913419913419913,0.5531400966183575,0.7100775193798451
Image 45,0.8702237606048584,1,0,0,230,2,141,0.9913793103448276,0.5555555555555556,0.7120743034055729
Image 112,0.865081787109375,1,0,0,231,2,141,0.9914163090128756,0.5579710144927537,0.714064914992272
Image 81,0.8649542331695557,1,0,0,232,2,141,0.9914529914529915,0.5603864734299517,0.7160493827160495
Image 36,0.8632962107658386,1,0,0,233,2,141,0.9914893617021276,0.5628019323671497,0.7180277349768873
Image 20,0.862687885761261,1,0,0,234,2,141,0.9915254237288136,0.5652173913043478,0.72
Image 125,0.8620821237564087,1,0,0,235,2,141,0.9915611814345991,0.5676328502415459,0.7219662058371735
Image 78,0.8574199080467224,1,0,0,236,2,141,0.9915966386554622,0.5700483091787439,0.7239263803680982
Image 37,0.8525694608688354,1,0,0,237,2,141,0.9916317991631799,0.572463768115942,0.7258805513016846
Image 38,0.8522853255271912,1,0,0,238,2,141,0.9916666666666667,0.5748792270531401,0.72782874617737
Image 56,0.8385599255561829,1,0,0,239,2,141,0.991701244813278,0.5772946859903382,0.7297709923664123
Image 7,0.8377718925476074,1,0,0,240,2,141,0.9917355371900827,0.5797101449275363,0.7317073170731706
Image 14,0.8280028104782104,1,0,0,241,2,141,0.9917695473251029,0.5821256038647343,0.7336377473363774
Image 45,0.8169389963150024,1,0,0,242,2,141,0.9918032786885246,0.5845410628019324,0.7355623100303952
Image 14,0.815443754196167,1,0,0,243,2,141,0.9918367346938776,0.5869565217391305,0.7374810318664644
Image 38,0.8153093457221985,1,0,0,244,2,141,0.991869918699187,0.5893719806763285,0.7393939393939394
Image 53,0.8147041201591492,1,0,0,245,2,141,0.9919028340080972,0.5917874396135265,0.7413010590015129
Image 45,0.8090993165969849,1,0,0,246,2,141,0.9919354838709677,0.5942028985507246,0.7432024169184289
Image 65,0.7895497679710388,1,0,0,247,2,141,0.9919678714859438,0.5966183574879227,0.7450980392156863
Image 52,0.7680279612541199,1,0,0,248,2,141,0.992,0.5990338164251208,0.7469879518072289
Image 3,0.7644381523132324,1,0,0,249,2,141,0.9920318725099602,0.6014492753623188,0.7488721804511278
Image 110,0.7582563161849976,1,0,0,250,2,141,0.9920634920634921,0.6038647342995169,0.7507507507507507
Image 0,0.7572653889656067,1,0,0,251,2,141,0.9920948616600791,0.606280193236715,0.7526236881559221
Image 20,0.7535560131072998,1,0,0,252,2,141,0.9921259842519685,0.6086956521739131,0.7544910179640719
Image 121,0.7284836769104004,1,0,0,253,2,141,0.9921568627450981,0.6111111111111112,0.7563527653213752
Image 101,0.721681535243988,1,0,0,254,2,141,0.9921875,0.6135265700483091,0.7582089552238805
Image 3,0.7162280082702637,0,1,0,254,3,141,0.9883268482490273,0.6135265700483091,0.7570789865871832
Image 111,0.7114681601524353,1,0,0,255,3,141,0.9883720930232558,0.6159420289855072,0.7589285714285714
Image 7,0.7077166438102722,1,0,0,256,3,141,0.9884169884169884,0.6183574879227053,0.7607726597325408
Image 90,0.6819800734519958,1,0,0,257,3,141,0.9884615384615385,0.6207729468599034,0.7626112759643916
Image 98,0.6646544933319092,1,0,0,258,3,141,0.9885057471264368,0.6231884057971014,0.7644444444444445
Image 114,0.6640617251396179,0,1,0,258,4,141,0.9847328244274809,0.6231884057971014,0.7633136094674556
Image 81,0.6530941724777222,1,0,0,259,4,141,0.9847908745247148,0.6256038647342995,0.7651403249630724
Image 91,0.6432619690895081,1,0,0,260,4,141,0.9848484848484849,0.6280193236714976,0.7669616519174042
Image 6,0.635439932346344,1,0,0,261,4,141,0.9849056603773585,0.6304347826086957,0.7687776141384389
Image 41,0.6277769804000854,1,0,0,262,4,141,0.9849624060150376,0.6328502415458938,0.7705882352941176
Image 99,0.6204879879951477,1,0,0,263,4,141,0.9850187265917603,0.6352657004830918,0.7723935389133626
Image 59,0.612812340259552,1,0,0,264,4,141,0.9850746268656716,0.6376811594202898,0.7741935483870968
Image 29,0.610802948474884,1,0,0,265,4,141,0.9851301115241635,0.6400966183574879,0.7759882869692531
Image 2,0.6081995964050293,1,0,0,266,4,141,0.9851851851851852,0.642512077294686,0.7777777777777778
Image 87,0.6066500544548035,1,0,0,267,4,141,0.985239852398524,0.644927536231884,0.7795620437956204
Image 125,0.6062294840812683,1,0,0,268,4,141,0.9852941176470589,0.6473429951690821,0.7813411078717201
Image 74,0.5918521285057068,1,0,0,269,4,141,0.9853479853479854,0.6497584541062802,0.7831149927219796
Image 127,0.5528748035430908,1,0,0,270,4,141,0.9854014598540146,0.6521739130434783,0.7848837209302325
Image 36,0.5432196855545044,1,0,0,271,4,141,0.9854545454545455,0.6545893719806763,0.7866473149492017
Image 12,0.5421009063720703,1,0,0,272,4,141,0.9855072463768116,0.6570048309178744,0.7884057971014493
Image 19,0.5227795839309692,0,1,0,272,5,141,0.9819494584837545,0.6570048309178744,0.7872648335745297
Image 70,0.5181341767311096,1,0,0,273,5,141,0.9820143884892086,0.6594202898550725,0.7890173410404626
Image 3,0.5161051154136658,1,0,0,274,5,141,0.982078853046595,0.6618357487922706,0.7907647907647909
Image 64,0.514377236366272,1,0,0,275,5,141,0.9821428571428571,0.6642512077294686,0.7925072046109509
Image 9,0.4891872704029083,1,0,0,276,5,141,0.9822064056939501,0.6666666666666666,0.7942446043165468
Image 6,0.48345938324928284,1,0,0,277,5,141,0.9822695035460993,0.6690821256038647,0.7959770114942528
Image 65,0.46576857566833496,1,0,0,278,5,141,0.9823321554770318,0.6714975845410628,0.7977044476327116
Image 115,0.4591686427593231,0,1,0,278,6,141,0.9788732394366197,0.6714975845410628,0.7965616045845272
Image 111,0.4576452970504761,0,1,0,278,7,141,0.9754385964912281,0.6714975845410628,0.7954220314735336
Image 97,0.43567532300949097,1,0,0,279,7,141,0.9755244755244755,0.6739130434782609,0.7971428571428572
